path	sha256	size_bytes	file_kind	review_method	security_domains	review_status	finding_ids	notes	reviewed_at
.gitattributes	a9102c62898a0f2f2573f47e67e71311bde5ced7cec9b1af2826ed1d3b8e6a06	708	repository_config	repository/build/config metadata review; secret-pattern scan; role/provenance review	repository-metadata,build-contracts,supply-chain	reviewed		Reviewed for repository behavior, generated/binary absence, and security-sensitive configuration.	2026-07-14T22:16:00Z
.github/workflows/ci.yml	4ff7b3399042028ccb250bcbfcb60cc4df2fc59600415c7e3de7283acaed595b	1511	yaml_config	CI workflow review; action pinning and permission review; CI-equivalent local commands	ci-supply-chain,permissions,build-test-contracts	reviewed		Workflow uses read-only permissions and SHA-pinned actions; local CI-equivalent commands run in WSL.	2026-07-14T22:16:00Z
.gitignore	6f852e609840f3b3bf679ced14cf1a926afbc04e2ad4a4a43435c767849643c6	562	repository_config	repository/build/config metadata review; secret-pattern scan; role/provenance review	repository-metadata,build-contracts,supply-chain	reviewed		Reviewed for repository behavior, generated/binary absence, and security-sensitive configuration.	2026-07-14T22:16:00Z
.golangci.yml	51e0c058a404d7fd11587908ba7ddf3d76fa386db293f79090fc79b7fc995bf4	653	yaml_config	repository/build/config metadata review; secret-pattern scan; role/provenance review	repository-metadata,build-contracts,supply-chain	reviewed		Reviewed for repository behavior, generated/binary absence, and security-sensitive configuration.	2026-07-14T22:16:00Z
cmd/nodex/main.go	ed0eac471d3aff165a06ea340ec4a71a7cfca9cf09b5c3ec9258d99c31e911fd	1581	go_source	manual source review; grep/data-flow tracing; go test/vet/staticcheck/gosec/govulncheck	credentials,redaction,transport,tls,redirects,proxmox-targeting,mutation-safety,tasks,output,filesystem,concurrency	reviewed		Go source reviewed by package/domain with dangerous-primitive search, call-chain tracing, automated checks, and changed-line review where modified.	2026-07-14T22:16:00Z
CONTRIBUTING.md	cf8912bf65d2130dd5ad3c67de4be65761fb8b9d9d153578f42d11ce239f04c9	5020	documentation	documentation security-contract review; command/reference consistency check; secret-pattern scan	security-documentation,proxmox-safety,configuration,operator-guidance,live-validation-boundaries	reviewed		Reviewed for current behavior, unsafe examples, live-target warnings, and credential disclosure guidance.	2026-07-14T22:16:00Z
docs/architecture.md	35f4184cc7f80f4a17d73cb4fd92dfbf1dd9feb4021878ea702dbd0cf5890ab5	13720	documentation	documentation security-contract review; command/reference consistency check; secret-pattern scan	security-documentation,proxmox-safety,configuration,operator-guidance,live-validation-boundaries	reviewed		Reviewed for current behavior, unsafe examples, live-target warnings, and credential disclosure guidance.	2026-07-14T22:16:00Z
docs/cli-reference.md	71c35e299d749c4771ad4c54fb08592058ea140554da859e97272dbff8acde11	18681	documentation	documentation security-contract review; command/reference consistency check; secret-pattern scan	security-documentation,proxmox-safety,configuration,operator-guidance,live-validation-boundaries	reviewed		Reviewed for current behavior, unsafe examples, live-target warnings, and credential disclosure guidance.	2026-07-14T22:16:00Z
docs/compatibility.md	c5285d2b157f822a809a69df486e4e4b663e66eafae831f10c96341adc2fe84f	8121	documentation	documentation security-contract review; command/reference consistency check; secret-pattern scan	security-documentation,proxmox-safety,configuration,operator-guidance,live-validation-boundaries	reviewed		Reviewed for current behavior, unsafe examples, live-target warnings, and credential disclosure guidance.	2026-07-14T22:16:00Z
docs/configuration.md	645f319af4eab36258d80d85bf32db8fe0e8420084aecb1c0e14b1f83b1c06e3	6220	documentation	documentation security-contract review; command/reference consistency check; secret-pattern scan	security-documentation,proxmox-safety,configuration,operator-guidance,live-validation-boundaries	reviewed		Reviewed for current behavior, unsafe examples, live-target warnings, and credential disclosure guidance.	2026-07-14T22:16:00Z
docs/nodex.1	628a95acfc2de823b8040bad0b4154374cd92c2390d1279fa81ebab9e7dd26bc	15715	documentation	documentation security-contract review; command/reference consistency check; secret-pattern scan	security-documentation,proxmox-safety,configuration,operator-guidance,live-validation-boundaries	reviewed		Reviewed for current behavior, unsafe examples, live-target warnings, and credential disclosure guidance.	2026-07-14T22:16:00Z
docs/product_requirements.md	bb42458971ae9add3d09dca3ad2af2de596a5c62929fecfafb4fc52573c4b0f1	9543	documentation	documentation security-contract review; command/reference consistency check; secret-pattern scan	security-documentation,proxmox-safety,configuration,operator-guidance,live-validation-boundaries	reviewed		Reviewed for current behavior, unsafe examples, live-target warnings, and credential disclosure guidance.	2026-07-14T22:16:00Z
docs/product-principles.md	6bf5214f9f53ba4bbc35f5b5b2edb7d6ba0f594286866ed5a5fb4e6209c4985b	5929	documentation	documentation security-contract review; command/reference consistency check; secret-pattern scan	security-documentation,proxmox-safety,configuration,operator-guidance,live-validation-boundaries	reviewed		Reviewed for current behavior, unsafe examples, live-target warnings, and credential disclosure guidance.	2026-07-14T22:16:00Z
docs/residual-risks.md	dae9347487aaf1550aaae95bd50eb75814b262fe51ebe5e1007099c728432f14	14547	documentation	documentation security-contract review; command/reference consistency check; secret-pattern scan	security-documentation,proxmox-safety,configuration,operator-guidance,live-validation-boundaries	reviewed		Reviewed for current behavior, unsafe examples, live-target warnings, and credential disclosure guidance.	2026-07-14T22:16:00Z
docs/test-coverage.md	af6f16124108ebad12afaf6bfe338c362df101ade94626268d63c73468b23a69	16287	documentation	documentation security-contract review; command/reference consistency check; secret-pattern scan	security-documentation,proxmox-safety,configuration,operator-guidance,live-validation-boundaries	reviewed		Reviewed for current behavior, unsafe examples, live-target warnings, and credential disclosure guidance.	2026-07-14T22:16:00Z
docs/threat-model.md	47c61d52156f6228ab1a17445bd05614fa8f0b1b356f336c1306467e68247926	15656	documentation	documentation security-contract review; command/reference consistency check; secret-pattern scan	security-documentation,proxmox-safety,configuration,operator-guidance,live-validation-boundaries	reviewed		Reviewed for current behavior, unsafe examples, live-target warnings, and credential disclosure guidance.	2026-07-14T22:16:00Z
go.mod	ab8ada07d7d5fdf8d102469aca8850c6d9259ef618f9aad95b726b5680ce0bf5	330	go_module_metadata	dependency manifest review; go mod verify; govulncheck; gosec; module listing	dependencies,supply-chain,vulnerability-management	reviewed		Dependency metadata verified and scanned; no runtime dependency changes made.	2026-07-14T22:16:00Z
go.sum	c70eec5b5e4824d913f873e85ec5c1594040ca06b86cdf43c90c14b6e8237c2b	1103	go_module_metadata	dependency manifest review; go mod verify; govulncheck; gosec; module listing	dependencies,supply-chain,vulnerability-management	reviewed		Dependency metadata verified and scanned; no runtime dependency changes made.	2026-07-14T22:16:00Z
internal/app/errors.go	b879fde70fead00a6255c7e89d99beb9c6300241c39fd2c2ade5f29b6ebd6075	4899	go_source	manual source review; grep/data-flow tracing; go test/vet/staticcheck/gosec/govulncheck	credentials,redaction,transport,tls,redirects,proxmox-targeting,mutation-safety,tasks,output,filesystem,concurrency	reviewed		Go source reviewed by package/domain with dangerous-primitive search, call-chain tracing, automated checks, and changed-line review where modified.	2026-07-14T22:16:00Z
internal/app/errors_test.go	ec580cdb525222b80d67b81b835e20939bfc386c6011f9e6fc5ce0cba2c48f6d	8735	go_source	test-source review; focused and full go test/race/fuzz as applicable; scanner correlation	regression-tests,adversarial-inputs,no-live-proxmox,secret-free-fixtures	reviewed		Test code reviewed for assertions, fake endpoints, no live Proxmox dependency, and no real credentials.	2026-07-14T22:16:00Z
internal/app/providerrors.go	2ffffc8fdba9fa7d2b46041e32a20ef61497792b74b2f45e7fa7f4427f366f6b	6894	go_source	manual source review; grep/data-flow tracing; go test/vet/staticcheck/gosec/govulncheck	credentials,redaction,transport,tls,redirects,proxmox-targeting,mutation-safety,tasks,output,filesystem,concurrency	reviewed		Go source reviewed by package/domain with dangerous-primitive search, call-chain tracing, automated checks, and changed-line review where modified.	2026-07-14T22:16:00Z
internal/app/providerrors_test.go	1a88b13b99dca85ec306e2c69e68740ee2b78c9fdb52607c4b2d41573fefe986	6812	go_source	test-source review; focused and full go test/race/fuzz as applicable; scanner correlation	regression-tests,adversarial-inputs,no-live-proxmox,secret-free-fixtures	reviewed		Test code reviewed for assertions, fake endpoints, no live Proxmox dependency, and no real credentials.	2026-07-14T22:16:00Z
internal/atomicwrite/atomicwrite.go	1a18b51d613bc13f8475ff228181219c6e4611fa0922f7a507542c243d4dfc7d	5449	go_source	manual source review; grep/data-flow tracing; go test/vet/staticcheck/gosec/govulncheck	credentials,redaction,transport,tls,redirects,proxmox-targeting,mutation-safety,tasks,output,filesystem,concurrency	reviewed		Go source reviewed by package/domain with dangerous-primitive search, call-chain tracing, automated checks, and changed-line review where modified.	2026-07-14T22:16:00Z
internal/atomicwrite/atomicwrite_test.go	7debf0069095e0fc8d68805ac023873da0764f9d1b1ae15652a3751366490b3a	9128	go_source	test-source review; focused and full go test/race/fuzz as applicable; scanner correlation	regression-tests,adversarial-inputs,no-live-proxmox,secret-free-fixtures	reviewed		Test code reviewed for assertions, fake endpoints, no live Proxmox dependency, and no real credentials.	2026-07-14T22:16:00Z
internal/cli/capabilities.go	7c549d0b84ffe2177cb8816b66983b3ed5abdc349e73bd1fc924538228b02ce0	10816	go_source	manual source review; grep/data-flow tracing; go test/vet/staticcheck/gosec/govulncheck	credentials,redaction,transport,tls,redirects,proxmox-targeting,mutation-safety,tasks,output,filesystem,concurrency	reviewed		Go source reviewed by package/domain with dangerous-primitive search, call-chain tracing, automated checks, and changed-line review where modified.	2026-07-14T22:16:00Z
internal/cli/capabilities_test.go	f6eace02de8c38288bea7d3cebb7d0ed7b15bc3470003c3b006a050df6c048e4	3655	go_source	test-source review; focused and full go test/race/fuzz as applicable; scanner correlation	regression-tests,adversarial-inputs,no-live-proxmox,secret-free-fixtures	reviewed		Test code reviewed for assertions, fake endpoints, no live Proxmox dependency, and no real credentials.	2026-07-14T22:16:00Z
internal/cli/cli_fuzz_test.go	3914ae84b8e9e94f320dc3f0436b3a18db0d66d2da1742b7d3dcb3bdabae3eb9	2003	go_source	test-source review; focused and full go test/race/fuzz as applicable; scanner correlation	regression-tests,adversarial-inputs,no-live-proxmox,secret-free-fixtures	reviewed		Test code reviewed for assertions, fake endpoints, no live Proxmox dependency, and no real credentials.	2026-07-14T22:16:00Z
internal/cli/cli_test.go	3472a39083c50f69e97a943ffaf54aa21b0423b0cfbd67e1b55c81a17dc0b688	59710	go_source	test-source review; focused and full go test/race/fuzz as applicable; scanner correlation	regression-tests,adversarial-inputs,no-live-proxmox,secret-free-fixtures	reviewed	SEC-003	Test code reviewed for assertions, fake endpoints, no live Proxmox dependency, and no real credentials.	2026-07-14T22:16:00Z
internal/cli/completion.go	5a6872f02d75715eabc5078b0c125ca2ac5a5c19fd286f8a65f61c3d708b342a	3873	go_source	manual source review; grep/data-flow tracing; go test/vet/staticcheck/gosec/govulncheck	credentials,redaction,transport,tls,redirects,proxmox-targeting,mutation-safety,tasks,output,filesystem,concurrency	reviewed		Go source reviewed by package/domain with dangerous-primitive search, call-chain tracing, automated checks, and changed-line review where modified.	2026-07-14T22:16:00Z
internal/cli/completion_test.go	d7472953fe7bfc2d361cc4a87533f4af313dd795a5a21e16dbbe03d3ce4fe80a	1430	go_source	test-source review; focused and full go test/race/fuzz as applicable; scanner correlation	regression-tests,adversarial-inputs,no-live-proxmox,secret-free-fixtures	reviewed		Test code reviewed for assertions, fake endpoints, no live Proxmox dependency, and no real credentials.	2026-07-14T22:16:00Z
internal/cli/doctor.go	17d6f9376b50fa25a3cadf2c15cb492637872f74a8677c37e414a08744e6ed7d	4251	go_source	manual source review; grep/data-flow tracing; go test/vet/staticcheck/gosec/govulncheck	credentials,redaction,transport,tls,redirects,proxmox-targeting,mutation-safety,tasks,output,filesystem,concurrency	reviewed		Go source reviewed by package/domain with dangerous-primitive search, call-chain tracing, automated checks, and changed-line review where modified.	2026-07-14T22:16:00Z
internal/cli/e2e_test.go	02b1ce2551e6c9934061eff81c9a08579bcf27f5bd0e23215a336973fe1f221d	37228	go_source	test-source review; focused and full go test/race/fuzz as applicable; scanner correlation	regression-tests,adversarial-inputs,no-live-proxmox,secret-free-fixtures	reviewed		Test code reviewed for assertions, fake endpoints, no live Proxmox dependency, and no real credentials.	2026-07-14T22:16:00Z
internal/cli/firewall_advanced.go	71ea2005081dac3990e95ef43b3417351cf4a8d51c837a7ed854868a65c8f440	7429	go_source	manual source review; grep/data-flow tracing; go test/vet/staticcheck/gosec/govulncheck	credentials,redaction,transport,tls,redirects,proxmox-targeting,mutation-safety,tasks,output,filesystem,concurrency	reviewed		Go source reviewed by package/domain with dangerous-primitive search, call-chain tracing, automated checks, and changed-line review where modified.	2026-07-14T22:16:00Z
internal/cli/golden_test.go	80f76c34ca3cfdabf66e1e04b870f37f6d80dd97dea802df83a6b6c5f5ae50a8	13959	go_source	test-source review; focused and full go test/race/fuzz as applicable; scanner correlation	regression-tests,adversarial-inputs,no-live-proxmox,secret-free-fixtures	reviewed		Test code reviewed for assertions, fake endpoints, no live Proxmox dependency, and no real credentials.	2026-07-14T22:16:00Z
internal/cli/init.go	9d75a612d2ea8be9caa576c191d25dac187264c510829d60d6ca56d879d080c9	2941	go_source	manual source review; grep/data-flow tracing; go test/vet/staticcheck/gosec/govulncheck	credentials,redaction,transport,tls,redirects,proxmox-targeting,mutation-safety,tasks,output,filesystem,concurrency	reviewed		Go source reviewed by package/domain with dangerous-primitive search, call-chain tracing, automated checks, and changed-line review where modified.	2026-07-14T22:16:00Z
internal/cli/maintenance.go	139f685137f35233ceab2976bccc319f1f1a4c6d8d53c8cb2c45edb64b54daeb	5253	go_source	manual source review; grep/data-flow tracing; go test/vet/staticcheck/gosec/govulncheck	credentials,redaction,transport,tls,redirects,proxmox-targeting,mutation-safety,tasks,output,filesystem,concurrency	reviewed		Go source reviewed by package/domain with dangerous-primitive search, call-chain tracing, automated checks, and changed-line review where modified.	2026-07-14T22:16:00Z
internal/cli/node_detail.go	3e430631ddebc5d9f51d176a7a0f8150be09679c95612d4d13c357377994245c	9236	go_source	manual source review; grep/data-flow tracing; go test/vet/staticcheck/gosec/govulncheck	credentials,redaction,transport,tls,redirects,proxmox-targeting,mutation-safety,tasks,output,filesystem,concurrency	reviewed		Go source reviewed by package/domain with dangerous-primitive search, call-chain tracing, automated checks, and changed-line review where modified.	2026-07-14T22:16:00Z
internal/cli/operations.go	f0dd30561a1bcb020b0d39d119bf02ed85d801d9d88eca00d5db5072795a3e7d	60692	go_source	manual source review; grep/data-flow tracing; go test/vet/staticcheck/gosec/govulncheck	credentials,redaction,transport,tls,redirects,proxmox-targeting,mutation-safety,tasks,output,filesystem,concurrency	reviewed		Go source reviewed by package/domain with dangerous-primitive search, call-chain tracing, automated checks, and changed-line review where modified.	2026-07-14T22:16:00Z
internal/cli/operations_test.go	d7138f20bf1ecc2018a5ba487b0946d32600f0ed388abfc04037b115bf178783	8161	go_source	test-source review; focused and full go test/race/fuzz as applicable; scanner correlation	regression-tests,adversarial-inputs,no-live-proxmox,secret-free-fixtures	reviewed		Test code reviewed for assertions, fake endpoints, no live Proxmox dependency, and no real credentials.	2026-07-14T22:16:00Z
internal/cli/phase1_handlers.go	874220ed5611fe9a9c51d0fff2145a8689902e2dfb3e4dfb0d8650422c7e46ff	2524	go_source	manual source review; grep/data-flow tracing; go test/vet/staticcheck/gosec/govulncheck	credentials,redaction,transport,tls,redirects,proxmox-targeting,mutation-safety,tasks,output,filesystem,concurrency	reviewed		Go source reviewed by package/domain with dangerous-primitive search, call-chain tracing, automated checks, and changed-line review where modified.	2026-07-14T22:16:00Z
internal/cli/phase13_handlers.go	8d3697ea6e7fe57d6c816f7420106f3ea2b4fc6f49054930773085d1d23f62cb	8258	go_source	manual source review; grep/data-flow tracing; go test/vet/staticcheck/gosec/govulncheck	credentials,redaction,transport,tls,redirects,proxmox-targeting,mutation-safety,tasks,output,filesystem,concurrency	reviewed		Go source reviewed by package/domain with dangerous-primitive search, call-chain tracing, automated checks, and changed-line review where modified.	2026-07-14T22:16:00Z
internal/cli/phase2_handlers.go	708c011471033fb94de0ded10f4eee1d3aa5f3dc2c6c0e7ca2ddc661e2b7ed00	8860	go_source	manual source review; grep/data-flow tracing; go test/vet/staticcheck/gosec/govulncheck	credentials,redaction,transport,tls,redirects,proxmox-targeting,mutation-safety,tasks,output,filesystem,concurrency	reviewed		Go source reviewed by package/domain with dangerous-primitive search, call-chain tracing, automated checks, and changed-line review where modified.	2026-07-14T22:16:00Z
internal/cli/phase3_handlers.go	b68ff055db90247feb49def80af50ec8a86af52db8fc45fee5ddd3538cf6fa80	24399	go_source	manual source review; grep/data-flow tracing; go test/vet/staticcheck/gosec/govulncheck	credentials,redaction,transport,tls,redirects,proxmox-targeting,mutation-safety,tasks,output,filesystem,concurrency	reviewed		Go source reviewed by package/domain with dangerous-primitive search, call-chain tracing, automated checks, and changed-line review where modified.	2026-07-14T22:16:00Z
internal/cli/phase4_handlers.go	f9f7700448c23aecddf301627dbfd21c421146e331c9c3afd67d1bc5934cefa2	30044	go_source	manual source review; grep/data-flow tracing; go test/vet/staticcheck/gosec/govulncheck	credentials,redaction,transport,tls,redirects,proxmox-targeting,mutation-safety,tasks,output,filesystem,concurrency	reviewed		Go source reviewed by package/domain with dangerous-primitive search, call-chain tracing, automated checks, and changed-line review where modified.	2026-07-14T22:16:00Z
internal/cli/phase5_handlers.go	8e013d8ee87479b97f2f5099cb05b215461c0ec1efd00b580a770ec4c5fcda41	46159	go_source	manual source review; grep/data-flow tracing; go test/vet/staticcheck/gosec/govulncheck	credentials,redaction,transport,tls,redirects,proxmox-targeting,mutation-safety,tasks,output,filesystem,concurrency	reviewed		Go source reviewed by package/domain with dangerous-primitive search, call-chain tracing, automated checks, and changed-line review where modified.	2026-07-14T22:16:00Z
internal/cli/phase6_handlers.go	6fda5c130e8217e60068e6f3dbd04903756d2c1e5f52423d9408a7341aac1149	32465	go_source	manual source review; grep/data-flow tracing; go test/vet/staticcheck/gosec/govulncheck	credentials,redaction,transport,tls,redirects,proxmox-targeting,mutation-safety,tasks,output,filesystem,concurrency	reviewed		Go source reviewed by package/domain with dangerous-primitive search, call-chain tracing, automated checks, and changed-line review where modified.	2026-07-14T22:16:00Z
internal/cli/phase7_handlers.go	53242542cb6c1a08e54812153ff2590fa42ecd176d3e2977828343d3bd649995	12741	go_source	manual source review; grep/data-flow tracing; go test/vet/staticcheck/gosec/govulncheck	credentials,redaction,transport,tls,redirects,proxmox-targeting,mutation-safety,tasks,output,filesystem,concurrency	reviewed		Go source reviewed by package/domain with dangerous-primitive search, call-chain tracing, automated checks, and changed-line review where modified.	2026-07-14T22:16:00Z
internal/cli/profile.go	be4e560595a03a79f517e482b74c841f82e6b677b2b57bbf5b4aeeac7478465e	14346	go_source	manual source review; grep/data-flow tracing; go test/vet/staticcheck/gosec/govulncheck	credentials,redaction,transport,tls,redirects,proxmox-targeting,mutation-safety,tasks,output,filesystem,concurrency	reviewed		Go source reviewed by package/domain with dangerous-primitive search, call-chain tracing, automated checks, and changed-line review where modified.	2026-07-14T22:16:00Z
internal/cli/provider.go	ce4150cbe63bbb9e5f659dbbd867c51dfd001f00e2c8afdf190b85909cce60d8	5748	go_source	manual source review; grep/data-flow tracing; go test/vet/staticcheck/gosec/govulncheck	credentials,redaction,transport,tls,redirects,proxmox-targeting,mutation-safety,tasks,output,filesystem,concurrency	reviewed		Go source reviewed by package/domain with dangerous-primitive search, call-chain tracing, automated checks, and changed-line review where modified.	2026-07-14T22:16:00Z
internal/cli/resource.go	e9844f030a346569bbc81b3001a097a1a221d595311d8e3c92d804c3600209bf	31199	go_source	manual source review; grep/data-flow tracing; go test/vet/staticcheck/gosec/govulncheck	credentials,redaction,transport,tls,redirects,proxmox-targeting,mutation-safety,tasks,output,filesystem,concurrency	reviewed		Go source reviewed by package/domain with dangerous-primitive search, call-chain tracing, automated checks, and changed-line review where modified.	2026-07-14T22:16:00Z
internal/cli/root.go	8ee498dd047d783f6b306a31e11231f32ef08bbf78099ce542351fe61c94dec5	20601	go_source	manual source review; grep/data-flow tracing; go test/vet/staticcheck/gosec/govulncheck	credentials,redaction,transport,tls,redirects,proxmox-targeting,mutation-safety,tasks,output,filesystem,concurrency	reviewed	SEC-003	Go source reviewed by package/domain with dangerous-primitive search, call-chain tracing, automated checks, and changed-line review where modified. Covered by SEC-001/SEC-003 remediation and regression tests.	2026-07-14T22:16:00Z
internal/cli/testdata/golden/backup_content.json	6c127f23185af053bdcd37dde52f6d69ad0874a84994fe00eb00e929e3023b48	152	golden_fixture	golden-fixture provenance review; parser/formatter golden tests; secret-pattern scan	output-contracts,hostile-data-fixtures,regression-provenance	generated_recorded		Golden fixture used by CLI tests; reviewed for fixture role and scanner hits; not executed as code.	2026-07-14T22:16:00Z
internal/cli/testdata/golden/backup_list.json	eae7433e95f9ac0f08c30e1d5612c7c2017e7cd59fe5009162f51fbe95e66b2f	197	golden_fixture	golden-fixture provenance review; parser/formatter golden tests; secret-pattern scan	output-contracts,hostile-data-fixtures,regression-provenance	generated_recorded		Golden fixture used by CLI tests; reviewed for fixture role and scanner hits; not executed as code.	2026-07-14T22:16:00Z
internal/cli/testdata/golden/cluster_log.json	74fe86cbc3b714980b2ae0f2e2c7588dcc1fe28d5859683eb65b91d24c18646e	121	golden_fixture	golden-fixture provenance review; parser/formatter golden tests; secret-pattern scan	output-contracts,hostile-data-fixtures,regression-provenance	generated_recorded		Golden fixture used by CLI tests; reviewed for fixture role and scanner hits; not executed as code.	2026-07-14T22:16:00Z
internal/cli/testdata/golden/cluster_status.json	36b38ea8722a6c27dff2455f0de9314b6de99bdf748f2bc7f9d1e0f3a1340833	55	golden_fixture	golden-fixture provenance review; parser/formatter golden tests; secret-pattern scan	output-contracts,hostile-data-fixtures,regression-provenance	generated_recorded		Golden fixture used by CLI tests; reviewed for fixture role and scanner hits; not executed as code.	2026-07-14T22:16:00Z
internal/cli/testdata/golden/container_config.json	1200bc62e6404e3b5d70d222a32cb63ebdbc4fc5b360bf9876f37f464ead9346	88	golden_fixture	golden-fixture provenance review; parser/formatter golden tests; secret-pattern scan	output-contracts,hostile-data-fixtures,regression-provenance	generated_recorded		Golden fixture used by CLI tests; reviewed for fixture role and scanner hits; not executed as code.	2026-07-14T22:16:00Z
internal/cli/testdata/golden/container_list.json	c2ce1012d161e27bb2e6677f22ff6cf167b25b9efa5def5a9e3878c1cf5ab966	165	golden_fixture	golden-fixture provenance review; parser/formatter golden tests; secret-pattern scan	output-contracts,hostile-data-fixtures,regression-provenance	generated_recorded		Golden fixture used by CLI tests; reviewed for fixture role and scanner hits; not executed as code.	2026-07-14T22:16:00Z
internal/cli/testdata/golden/container_show.json	a53cd7e4befd71dcf6d483a9b8bd9fc6d651ae658490dc7dfa1031e7ba2fad16	143	golden_fixture	golden-fixture provenance review; parser/formatter golden tests; secret-pattern scan	output-contracts,hostile-data-fixtures,regression-provenance	generated_recorded		Golden fixture used by CLI tests; reviewed for fixture role and scanner hits; not executed as code.	2026-07-14T22:16:00Z
internal/cli/testdata/golden/container_snapshot_config.json	3a8b215733f1c159545862ca3ac30cb3317749ef2f2967fc0aaa24d23482dcc8	37	golden_fixture	golden-fixture provenance review; parser/formatter golden tests; secret-pattern scan	output-contracts,hostile-data-fixtures,regression-provenance	generated_recorded		Golden fixture used by CLI tests; reviewed for fixture role and scanner hits; not executed as code.	2026-07-14T22:16:00Z
internal/cli/testdata/golden/container_snapshots.json	5a1cfcd20ab2a4f7b267bcd2082300c64999598555d89a46ec8f7700a93b0f45	128	golden_fixture	golden-fixture provenance review; parser/formatter golden tests; secret-pattern scan	output-contracts,hostile-data-fixtures,regression-provenance	generated_recorded		Golden fixture used by CLI tests; reviewed for fixture role and scanner hits; not executed as code.	2026-07-14T22:16:00Z
internal/cli/testdata/golden/containers_all.json	fb70ae9ec8fe4ef25bfc6708bcc0ab455300211c18333e877652189603909654	753	golden_fixture	golden-fixture provenance review; parser/formatter golden tests; secret-pattern scan	output-contracts,hostile-data-fixtures,regression-provenance	generated_recorded		Golden fixture used by CLI tests; reviewed for fixture role and scanner hits; not executed as code.	2026-07-14T22:16:00Z
internal/cli/testdata/golden/event_list.json	0990d803588ce2f0e3a45ba9b52504b495beafe5210b95c3e9e0978bb6272972	259	golden_fixture	golden-fixture provenance review; parser/formatter golden tests; secret-pattern scan	output-contracts,hostile-data-fixtures,regression-provenance	generated_recorded		Golden fixture used by CLI tests; reviewed for fixture role and scanner hits; not executed as code.	2026-07-14T22:16:00Z
internal/cli/testdata/golden/firewall_aliases.json	37517e5f3dc66819f61f5a7bb8ace1921282415f10551d2defa5c3eb0985b570	3	golden_fixture	golden-fixture provenance review; parser/formatter golden tests; secret-pattern scan	output-contracts,hostile-data-fixtures,regression-provenance	generated_recorded		Golden fixture used by CLI tests; reviewed for fixture role and scanner hits; not executed as code.	2026-07-14T22:16:00Z
internal/cli/testdata/golden/firewall_ipset.json	37517e5f3dc66819f61f5a7bb8ace1921282415f10551d2defa5c3eb0985b570	3	golden_fixture	golden-fixture provenance review; parser/formatter golden tests; secret-pattern scan	output-contracts,hostile-data-fixtures,regression-provenance	generated_recorded		Golden fixture used by CLI tests; reviewed for fixture role and scanner hits; not executed as code.	2026-07-14T22:16:00Z
internal/cli/testdata/golden/firewall_ipsets.json	37517e5f3dc66819f61f5a7bb8ace1921282415f10551d2defa5c3eb0985b570	3	golden_fixture	golden-fixture provenance review; parser/formatter golden tests; secret-pattern scan	output-contracts,hostile-data-fixtures,regression-provenance	generated_recorded		Golden fixture used by CLI tests; reviewed for fixture role and scanner hits; not executed as code.	2026-07-14T22:16:00Z
internal/cli/testdata/golden/firewall_list.json	598fc1e4d6c82d403bcef261d846948dfeedb453bb2c74e64cae81ee79fd2660	145	golden_fixture	golden-fixture provenance review; parser/formatter golden tests; secret-pattern scan	output-contracts,hostile-data-fixtures,regression-provenance	generated_recorded		Golden fixture used by CLI tests; reviewed for fixture role and scanner hits; not executed as code.	2026-07-14T22:16:00Z
internal/cli/testdata/golden/firewall_node_rules.json	37517e5f3dc66819f61f5a7bb8ace1921282415f10551d2defa5c3eb0985b570	3	golden_fixture	golden-fixture provenance review; parser/formatter golden tests; secret-pattern scan	output-contracts,hostile-data-fixtures,regression-provenance	generated_recorded		Golden fixture used by CLI tests; reviewed for fixture role and scanner hits; not executed as code.	2026-07-14T22:16:00Z
internal/cli/testdata/golden/firewall_options.json	ae9177c0a60a288da9d04bb36a374410bc19ed710bfacd0853b534c1e1c72500	38	golden_fixture	golden-fixture provenance review; parser/formatter golden tests; secret-pattern scan	output-contracts,hostile-data-fixtures,regression-provenance	generated_recorded		Golden fixture used by CLI tests; reviewed for fixture role and scanner hits; not executed as code.	2026-07-14T22:16:00Z
internal/cli/testdata/golden/firewall_security_groups.json	37517e5f3dc66819f61f5a7bb8ace1921282415f10551d2defa5c3eb0985b570	3	golden_fixture	golden-fixture provenance review; parser/formatter golden tests; secret-pattern scan	output-contracts,hostile-data-fixtures,regression-provenance	generated_recorded		Golden fixture used by CLI tests; reviewed for fixture role and scanner hits; not executed as code.	2026-07-14T22:16:00Z
internal/cli/testdata/golden/firewall_vm_rules.json	37517e5f3dc66819f61f5a7bb8ace1921282415f10551d2defa5c3eb0985b570	3	golden_fixture	golden-fixture provenance review; parser/formatter golden tests; secret-pattern scan	output-contracts,hostile-data-fixtures,regression-provenance	generated_recorded		Golden fixture used by CLI tests; reviewed for fixture role and scanner hits; not executed as code.	2026-07-14T22:16:00Z
internal/cli/testdata/golden/ha_current.json	66c505b11ae990df3bd0d0891374965e9b46aa9c0ca78be50674e57ef7cbfb9b	97	golden_fixture	golden-fixture provenance review; parser/formatter golden tests; secret-pattern scan	output-contracts,hostile-data-fixtures,regression-provenance	generated_recorded		Golden fixture used by CLI tests; reviewed for fixture role and scanner hits; not executed as code.	2026-07-14T22:16:00Z
internal/cli/testdata/golden/ha_groups.json	44dbbcc410631aafe33c5f5ff6438dcc35ef082193695b3c30d268236b9a7b1c	113	golden_fixture	golden-fixture provenance review; parser/formatter golden tests; secret-pattern scan	output-contracts,hostile-data-fixtures,regression-provenance	generated_recorded		Golden fixture used by CLI tests; reviewed for fixture role and scanner hits; not executed as code.	2026-07-14T22:16:00Z
internal/cli/testdata/golden/ha_list.json	0b9fee5a630be717f5f5e85add9acd163c91d7a55508ed3b26cf8a63f582222f	124	golden_fixture	golden-fixture provenance review; parser/formatter golden tests; secret-pattern scan	output-contracts,hostile-data-fixtures,regression-provenance	generated_recorded		Golden fixture used by CLI tests; reviewed for fixture role and scanner hits; not executed as code.	2026-07-14T22:16:00Z
internal/cli/testdata/golden/ha_status.json	d0a8903bc8683062cbab044d22a14a38445f3d12bc15f9f3efb07ffdf11e8966	40	golden_fixture	golden-fixture provenance review; parser/formatter golden tests; secret-pattern scan	output-contracts,hostile-data-fixtures,regression-provenance	generated_recorded		Golden fixture used by CLI tests; reviewed for fixture role and scanner hits; not executed as code.	2026-07-14T22:16:00Z
internal/cli/testdata/golden/log.json	807ca50a75e87f80393d048e6df67945f9001150993685dc55df8f1f19ca9cfb	220	golden_fixture	golden-fixture provenance review; parser/formatter golden tests; secret-pattern scan	output-contracts,hostile-data-fixtures,regression-provenance	generated_recorded		Golden fixture used by CLI tests; reviewed for fixture role and scanner hits; not executed as code.	2026-07-14T22:16:00Z
internal/cli/testdata/golden/mutation_ct_start.json	1f84fdc980b3e58b7f3c766e29623f1627490a11f48ff26be2e1bdd655ca430d	262	golden_fixture	golden-fixture provenance review; parser/formatter golden tests; secret-pattern scan	output-contracts,hostile-data-fixtures,regression-provenance	generated_recorded		Golden fixture used by CLI tests; reviewed for fixture role and scanner hits; not executed as code.	2026-07-14T22:16:00Z
internal/cli/testdata/golden/mutation_vm_start.json	e159d9a2ebda757c7065e2a82d4d0946bc2d003497ebdd22daadbf4a7722cf67	255	golden_fixture	golden-fixture provenance review; parser/formatter golden tests; secret-pattern scan	output-contracts,hostile-data-fixtures,regression-provenance	generated_recorded		Golden fixture used by CLI tests; reviewed for fixture role and scanner hits; not executed as code.	2026-07-14T22:16:00Z
internal/cli/testdata/golden/mutation_vm_start_wait.json	bca8eea4976f915c03e4411cb6f809624ec564eb796f4dd3081829949cc798a7	272	golden_fixture	golden-fixture provenance review; parser/formatter golden tests; secret-pattern scan	output-contracts,hostile-data-fixtures,regression-provenance	generated_recorded		Golden fixture used by CLI tests; reviewed for fixture role and scanner hits; not executed as code.	2026-07-14T22:16:00Z
internal/cli/testdata/golden/mutation_vm_update.json	ff4293d848e8b15fe9b416cb438ab98b126142aed798b59f1432269e4ef1346a	256	golden_fixture	golden-fixture provenance review; parser/formatter golden tests; secret-pattern scan	output-contracts,hostile-data-fixtures,regression-provenance	generated_recorded		Golden fixture used by CLI tests; reviewed for fixture role and scanner hits; not executed as code.	2026-07-14T22:16:00Z
internal/cli/testdata/golden/node_certificates.json	37517e5f3dc66819f61f5a7bb8ace1921282415f10551d2defa5c3eb0985b570	3	golden_fixture	golden-fixture provenance review; parser/formatter golden tests; secret-pattern scan	output-contracts,hostile-data-fixtures,regression-provenance	generated_recorded		Golden fixture used by CLI tests; reviewed for fixture role and scanner hits; not executed as code.	2026-07-14T22:16:00Z
internal/cli/testdata/golden/node_disks.json	37517e5f3dc66819f61f5a7bb8ace1921282415f10551d2defa5c3eb0985b570	3	golden_fixture	golden-fixture provenance review; parser/formatter golden tests; secret-pattern scan	output-contracts,hostile-data-fixtures,regression-provenance	generated_recorded		Golden fixture used by CLI tests; reviewed for fixture role and scanner hits; not executed as code.	2026-07-14T22:16:00Z
internal/cli/testdata/golden/node_dns.json	566a9f3a49589217d2305bfcc641e2a192607bcb1f35420434199dbb716d7942	24	golden_fixture	golden-fixture provenance review; parser/formatter golden tests; secret-pattern scan	output-contracts,hostile-data-fixtures,regression-provenance	generated_recorded		Golden fixture used by CLI tests; reviewed for fixture role and scanner hits; not executed as code.	2026-07-14T22:16:00Z
internal/cli/testdata/golden/node_list.json	f1db549a5fa2bde876b8995f01af9ace750200a90bd0814fcb6fe44600502d7f	130	golden_fixture	golden-fixture provenance review; parser/formatter golden tests; secret-pattern scan	output-contracts,hostile-data-fixtures,regression-provenance	generated_recorded		Golden fixture used by CLI tests; reviewed for fixture role and scanner hits; not executed as code.	2026-07-14T22:16:00Z
internal/cli/testdata/golden/node_network.json	37517e5f3dc66819f61f5a7bb8ace1921282415f10551d2defa5c3eb0985b570	3	golden_fixture	golden-fixture provenance review; parser/formatter golden tests; secret-pattern scan	output-contracts,hostile-data-fixtures,regression-provenance	generated_recorded		Golden fixture used by CLI tests; reviewed for fixture role and scanner hits; not executed as code.	2026-07-14T22:16:00Z
internal/cli/testdata/golden/node_services.json	37517e5f3dc66819f61f5a7bb8ace1921282415f10551d2defa5c3eb0985b570	3	golden_fixture	golden-fixture provenance review; parser/formatter golden tests; secret-pattern scan	output-contracts,hostile-data-fixtures,regression-provenance	generated_recorded		Golden fixture used by CLI tests; reviewed for fixture role and scanner hits; not executed as code.	2026-07-14T22:16:00Z
internal/cli/testdata/golden/node_show.json	e0ae61c8d9ab507c0afab25af1d9e679304240dc3ad78de88bb6642301c6c28f	112	golden_fixture	golden-fixture provenance review; parser/formatter golden tests; secret-pattern scan	output-contracts,hostile-data-fixtures,regression-provenance	generated_recorded		Golden fixture used by CLI tests; reviewed for fixture role and scanner hits; not executed as code.	2026-07-14T22:16:00Z
internal/cli/testdata/golden/node_status.json	667053ad56cc76dfa731d0b22b49692bf2d12b967326a06226b4be3bfb69abb6	313	golden_fixture	golden-fixture provenance review; parser/formatter golden tests; secret-pattern scan	output-contracts,hostile-data-fixtures,regression-provenance	generated_recorded		Golden fixture used by CLI tests; reviewed for fixture role and scanner hits; not executed as code.	2026-07-14T22:16:00Z
internal/cli/testdata/golden/node_subscription.json	4ede2ee9f83d5af6f9a4505f576562f77284523e47e462e57610fa6603bcb191	24	golden_fixture	golden-fixture provenance review; parser/formatter golden tests; secret-pattern scan	output-contracts,hostile-data-fixtures,regression-provenance	generated_recorded		Golden fixture used by CLI tests; reviewed for fixture role and scanner hits; not executed as code.	2026-07-14T22:16:00Z
internal/cli/testdata/golden/node_time.json	a7f47be0c525aef18d85b0acd01141bb2757fc3a8256274c270731ec34a32091	47	golden_fixture	golden-fixture provenance review; parser/formatter golden tests; secret-pattern scan	output-contracts,hostile-data-fixtures,regression-provenance	generated_recorded		Golden fixture used by CLI tests; reviewed for fixture role and scanner hits; not executed as code.	2026-07-14T22:16:00Z
internal/cli/testdata/golden/node_updates.json	37517e5f3dc66819f61f5a7bb8ace1921282415f10551d2defa5c3eb0985b570	3	golden_fixture	golden-fixture provenance review; parser/formatter golden tests; secret-pattern scan	output-contracts,hostile-data-fixtures,regression-provenance	generated_recorded		Golden fixture used by CLI tests; reviewed for fixture role and scanner hits; not executed as code.	2026-07-14T22:16:00Z
internal/cli/testdata/golden/nodes_all.json	d3ad8eb9c8de007e409967df1676848760ed28e482c9a96684040c2223881e24	659	golden_fixture	golden-fixture provenance review; parser/formatter golden tests; secret-pattern scan	output-contracts,hostile-data-fixtures,regression-provenance	generated_recorded		Golden fixture used by CLI tests; reviewed for fixture role and scanner hits; not executed as code.	2026-07-14T22:16:00Z
internal/cli/testdata/golden/pools_list.json	4556b3ac1dc3ffc008ac6eb40522a594fa94c3275a6df62e94dc4e6ac305d668	231	golden_fixture	golden-fixture provenance review; parser/formatter golden tests; secret-pattern scan	output-contracts,hostile-data-fixtures,regression-provenance	generated_recorded		Golden fixture used by CLI tests; reviewed for fixture role and scanner hits; not executed as code.	2026-07-14T22:16:00Z
internal/cli/testdata/golden/sdn_vnets.json	37517e5f3dc66819f61f5a7bb8ace1921282415f10551d2defa5c3eb0985b570	3	golden_fixture	golden-fixture provenance review; parser/formatter golden tests; secret-pattern scan	output-contracts,hostile-data-fixtures,regression-provenance	generated_recorded		Golden fixture used by CLI tests; reviewed for fixture role and scanner hits; not executed as code.	2026-07-14T22:16:00Z
internal/cli/testdata/golden/sdn_zones.json	37517e5f3dc66819f61f5a7bb8ace1921282415f10551d2defa5c3eb0985b570	3	golden_fixture	golden-fixture provenance review; parser/formatter golden tests; secret-pattern scan	output-contracts,hostile-data-fixtures,regression-provenance	generated_recorded		Golden fixture used by CLI tests; reviewed for fixture role and scanner hits; not executed as code.	2026-07-14T22:16:00Z
internal/cli/testdata/golden/status.json	0a55875b96044480ef2b14e1928d2a246465eccb61b8a4373122ac08547c0ae3	464	golden_fixture	golden-fixture provenance review; parser/formatter golden tests; secret-pattern scan	output-contracts,hostile-data-fixtures,regression-provenance	generated_recorded		Golden fixture used by CLI tests; reviewed for fixture role and scanner hits; not executed as code.	2026-07-14T22:16:00Z
internal/cli/testdata/golden/status_all.json	715e50787e13c3f9d3cba39dd53146c20506a86151df1b48bd817f6e1da803b8	553	golden_fixture	golden-fixture provenance review; parser/formatter golden tests; secret-pattern scan	output-contracts,hostile-data-fixtures,regression-provenance	generated_recorded		Golden fixture used by CLI tests; reviewed for fixture role and scanner hits; not executed as code.	2026-07-14T22:16:00Z
internal/cli/testdata/golden/storage_content.json	ef16ef41277efb8d501a4e0762c0c080c58d2e21ba5839022be866030ff96c57	254	golden_fixture	golden-fixture provenance review; parser/formatter golden tests; secret-pattern scan	output-contracts,hostile-data-fixtures,regression-provenance	generated_recorded		Golden fixture used by CLI tests; reviewed for fixture role and scanner hits; not executed as code.	2026-07-14T22:16:00Z
internal/cli/testdata/golden/storage_list.json	697f579d292bbd6cb20673007660a763e7be4281c58c15489497c26650269293	194	golden_fixture	golden-fixture provenance review; parser/formatter golden tests; secret-pattern scan	output-contracts,hostile-data-fixtures,regression-provenance	generated_recorded		Golden fixture used by CLI tests; reviewed for fixture role and scanner hits; not executed as code.	2026-07-14T22:16:00Z
internal/cli/testdata/golden/storage_show.json	8eacd317f2072845a28ff08364d4daa33b180a1626b6b970219854d8d739b35f	170	golden_fixture	golden-fixture provenance review; parser/formatter golden tests; secret-pattern scan	output-contracts,hostile-data-fixtures,regression-provenance	generated_recorded		Golden fixture used by CLI tests; reviewed for fixture role and scanner hits; not executed as code.	2026-07-14T22:16:00Z
internal/cli/testdata/golden/table/backup_list.txt	35746e5e017109912d3cf77325ca61c7eb6b42aea3f042f512a63bfa42d25797	124	golden_fixture	golden-fixture provenance review; parser/formatter golden tests; secret-pattern scan	output-contracts,hostile-data-fixtures,regression-provenance	generated_recorded		Golden fixture used by CLI tests; reviewed for fixture role and scanner hits; not executed as code.	2026-07-14T22:16:00Z
internal/cli/testdata/golden/table/cluster_log.txt	b811665fb31ba49b174833325d22b8628e50b527004d6e36bdc0cf1cc1e7109e	71	golden_fixture	golden-fixture provenance review; parser/formatter golden tests; secret-pattern scan	output-contracts,hostile-data-fixtures,regression-provenance	generated_recorded		Golden fixture used by CLI tests; reviewed for fixture role and scanner hits; not executed as code.	2026-07-14T22:16:00Z
internal/cli/testdata/golden/table/cluster_status.txt	d9e9c7c86de8eed6b5f536a609d5e6fb97a5235e11605a45d5d0c1bcc07580b7	53	golden_fixture	golden-fixture provenance review; parser/formatter golden tests; secret-pattern scan	output-contracts,hostile-data-fixtures,regression-provenance	generated_recorded		Golden fixture used by CLI tests; reviewed for fixture role and scanner hits; not executed as code.	2026-07-14T22:16:00Z
internal/cli/testdata/golden/table/firewall_list.txt	377bd67562cc127a5a28aa6f503265388082e763e1cd0d2edbe70fc81c4371c9	92	golden_fixture	golden-fixture provenance review; parser/formatter golden tests; secret-pattern scan	output-contracts,hostile-data-fixtures,regression-provenance	generated_recorded		Golden fixture used by CLI tests; reviewed for fixture role and scanner hits; not executed as code.	2026-07-14T22:16:00Z
internal/cli/testdata/golden/table/ha_list.txt	2d6b5b82b0f7d94435d876949bc1f4ad2ac2d67f71b0fa14009b5eb2f615636e	86	golden_fixture	golden-fixture provenance review; parser/formatter golden tests; secret-pattern scan	output-contracts,hostile-data-fixtures,regression-provenance	generated_recorded		Golden fixture used by CLI tests; reviewed for fixture role and scanner hits; not executed as code.	2026-07-14T22:16:00Z
internal/cli/testdata/golden/table/mutation_vm_start.txt	193a7bbe5f36bada0761e8e0f45f22146c8c8b39c173c1cb231dc01c03775f5a	76	golden_fixture	golden-fixture provenance review; parser/formatter golden tests; secret-pattern scan	output-contracts,hostile-data-fixtures,regression-provenance	generated_recorded		Golden fixture used by CLI tests; reviewed for fixture role and scanner hits; not executed as code.	2026-07-14T22:16:00Z
internal/cli/testdata/golden/table/mutation_vm_start_wait.txt	bfa0d38fd4e463b71e46adec62886d771d8aebc690501e46cde141da94577fc4	79	golden_fixture	golden-fixture provenance review; parser/formatter golden tests; secret-pattern scan	output-contracts,hostile-data-fixtures,regression-provenance	generated_recorded		Golden fixture used by CLI tests; reviewed for fixture role and scanner hits; not executed as code.	2026-07-14T22:16:00Z
internal/cli/testdata/golden/table/node_list.txt	bfc01b233fbb54447cce705dbd2d5c47603f8861a049fa9a697abd53064dd1b0	64	golden_fixture	golden-fixture provenance review; parser/formatter golden tests; secret-pattern scan	output-contracts,hostile-data-fixtures,regression-provenance	generated_recorded		Golden fixture used by CLI tests; reviewed for fixture role and scanner hits; not executed as code.	2026-07-14T22:16:00Z
internal/cli/testdata/golden/table/node_status.txt	053a6e2b4259fcb8d815a616691278a4dc7c7bcd2008f4d6670f785ad60af37b	280	golden_fixture	golden-fixture provenance review; parser/formatter golden tests; secret-pattern scan	output-contracts,hostile-data-fixtures,regression-provenance	generated_recorded		Golden fixture used by CLI tests; reviewed for fixture role and scanner hits; not executed as code.	2026-07-14T22:16:00Z
internal/cli/testdata/golden/table/pools_list.txt	ddb21b8c874b80956d0d5fad32d64c4fae0c1ef44e85053438254fcd2625ac72	87	golden_fixture	golden-fixture provenance review; parser/formatter golden tests; secret-pattern scan	output-contracts,hostile-data-fixtures,regression-provenance	generated_recorded		Golden fixture used by CLI tests; reviewed for fixture role and scanner hits; not executed as code.	2026-07-14T22:16:00Z
internal/cli/testdata/golden/table/storage_list.txt	926992aa854de8d60efcbc0bfc0e0e9724671f2d645d1a45ea252b83d83f5f9d	118	golden_fixture	golden-fixture provenance review; parser/formatter golden tests; secret-pattern scan	output-contracts,hostile-data-fixtures,regression-provenance	generated_recorded		Golden fixture used by CLI tests; reviewed for fixture role and scanner hits; not executed as code.	2026-07-14T22:16:00Z
internal/cli/testdata/golden/table/task_list.txt	2c5553c2026bf596a9e4726ce12caa79239b87c662382c6f6356f9f6c61abd7c	186	golden_fixture	golden-fixture provenance review; parser/formatter golden tests; secret-pattern scan	output-contracts,hostile-data-fixtures,regression-provenance	generated_recorded		Golden fixture used by CLI tests; reviewed for fixture role and scanner hits; not executed as code.	2026-07-14T22:16:00Z
internal/cli/testdata/golden/table/vm_list.txt	2c7c1835a21fa02db3a2b3066d85cc83345fe4d56bcde3cfc003f11110ef5f2e	123	golden_fixture	golden-fixture provenance review; parser/formatter golden tests; secret-pattern scan	output-contracts,hostile-data-fixtures,regression-provenance	generated_recorded		Golden fixture used by CLI tests; reviewed for fixture role and scanner hits; not executed as code.	2026-07-14T22:16:00Z
internal/cli/testdata/golden/task_list.json	d518b51c8bcf499b8832bb314987b151557d9c432c55f3fa88e1a6808d33f6df	345	golden_fixture	golden-fixture provenance review; parser/formatter golden tests; secret-pattern scan	output-contracts,hostile-data-fixtures,regression-provenance	generated_recorded		Golden fixture used by CLI tests; reviewed for fixture role and scanner hits; not executed as code.	2026-07-14T22:16:00Z
internal/cli/testdata/golden/task_show.json	8bdc9e6f13ead982dc4f7a7d5fa9ba5ea36c742518686acebf6d598a12c18e28	175	golden_fixture	golden-fixture provenance review; parser/formatter golden tests; secret-pattern scan	output-contracts,hostile-data-fixtures,regression-provenance	generated_recorded		Golden fixture used by CLI tests; reviewed for fixture role and scanner hits; not executed as code.	2026-07-14T22:16:00Z
internal/cli/testdata/golden/vm_config.json	545b2858d2e97dc963d29da7193e157fa18b4e4b031deef35efc98cc74876e63	70	golden_fixture	golden-fixture provenance review; parser/formatter golden tests; secret-pattern scan	output-contracts,hostile-data-fixtures,regression-provenance	generated_recorded		Golden fixture used by CLI tests; reviewed for fixture role and scanner hits; not executed as code.	2026-07-14T22:16:00Z
internal/cli/testdata/golden/vm_list.json	c0c5ec84f382b9fd305b598ac569ca41ee6b9d41fa46dc193e9118b59b7b64ef	160	golden_fixture	golden-fixture provenance review; parser/formatter golden tests; secret-pattern scan	output-contracts,hostile-data-fixtures,regression-provenance	generated_recorded		Golden fixture used by CLI tests; reviewed for fixture role and scanner hits; not executed as code.	2026-07-14T22:16:00Z
internal/cli/testdata/golden/vm_show.json	d863d01bb74828864d10c95778e9fce418492d0577fdfc3dae98cc9d797d1599	138	golden_fixture	golden-fixture provenance review; parser/formatter golden tests; secret-pattern scan	output-contracts,hostile-data-fixtures,regression-provenance	generated_recorded		Golden fixture used by CLI tests; reviewed for fixture role and scanner hits; not executed as code.	2026-07-14T22:16:00Z
internal/cli/testdata/golden/vm_snapshot_config.json	b5eb4ba20f61c1023a77de0e143ee652b3c474cf41668801a1394919cbaf3ff6	60	golden_fixture	golden-fixture provenance review; parser/formatter golden tests; secret-pattern scan	output-contracts,hostile-data-fixtures,regression-provenance	generated_recorded		Golden fixture used by CLI tests; reviewed for fixture role and scanner hits; not executed as code.	2026-07-14T22:16:00Z
internal/cli/testdata/golden/vm_snapshots.json	ca6696341ba020c869306388e68979e9a86134018d751b30c0a99873fabb75ee	289	golden_fixture	golden-fixture provenance review; parser/formatter golden tests; secret-pattern scan	output-contracts,hostile-data-fixtures,regression-provenance	generated_recorded		Golden fixture used by CLI tests; reviewed for fixture role and scanner hits; not executed as code.	2026-07-14T22:16:00Z
internal/cli/testdata/golden/vms_all.json	e0edd6a32a925522291b7c4efb849f654c963d2290b1076d4bfd047e42ad1d29	743	golden_fixture	golden-fixture provenance review; parser/formatter golden tests; secret-pattern scan	output-contracts,hostile-data-fixtures,regression-provenance	generated_recorded		Golden fixture used by CLI tests; reviewed for fixture role and scanner hits; not executed as code.	2026-07-14T22:16:00Z
internal/cli/testdata/golden/yaml/node_list.yaml	a0c422edeaa7bd6220c2db858d7cfab40a358e7740648a2e377d65b28f003af7	84	golden_fixture	golden-fixture provenance review; parser/formatter golden tests; secret-pattern scan	output-contracts,hostile-data-fixtures,regression-provenance	generated_recorded		Golden fixture used by CLI tests; reviewed for fixture role and scanner hits; not executed as code.	2026-07-14T22:16:00Z
internal/cli/testdata/golden/yaml/status.yaml	4c7671a453108c1f941c9d447f683eb7fb6e4b4b10edf04040ae8b96fdcf1283	316	golden_fixture	golden-fixture provenance review; parser/formatter golden tests; secret-pattern scan	output-contracts,hostile-data-fixtures,regression-provenance	generated_recorded		Golden fixture used by CLI tests; reviewed for fixture role and scanner hits; not executed as code.	2026-07-14T22:16:00Z
internal/cli/testdata/golden/yaml/vm_list.yaml	cc61e357bf9bf88178da7a6b2636633aaef78db996511d6488a9608333e29348	106	golden_fixture	golden-fixture provenance review; parser/formatter golden tests; secret-pattern scan	output-contracts,hostile-data-fixtures,regression-provenance	generated_recorded		Golden fixture used by CLI tests; reviewed for fixture role and scanner hits; not executed as code.	2026-07-14T22:16:00Z
internal/cli/version.go	2394562cb724f2a6e2763ddfc5c1e2f618095ac511266afe9cb15e03d99f5585	642	go_source	manual source review; grep/data-flow tracing; go test/vet/staticcheck/gosec/govulncheck	credentials,redaction,transport,tls,redirects,proxmox-targeting,mutation-safety,tasks,output,filesystem,concurrency	reviewed		Go source reviewed by package/domain with dangerous-primitive search, call-chain tracing, automated checks, and changed-line review where modified.	2026-07-14T22:16:00Z
internal/cli/version_subcommands.go	379d776261064c4df4c5c14d4b683c6d2960e0d2496c39e066cc796388f63348	1449	go_source	manual source review; grep/data-flow tracing; go test/vet/staticcheck/gosec/govulncheck	credentials,redaction,transport,tls,redirects,proxmox-targeting,mutation-safety,tasks,output,filesystem,concurrency	reviewed		Go source reviewed by package/domain with dangerous-primitive search, call-chain tracing, automated checks, and changed-line review where modified.	2026-07-14T22:16:00Z
internal/config/config.go	0c18c6b8fada0b42628c82e5bc147d1b4eba2cc6cada04c1dcd4642a4c3b2cc4	7485	go_source	manual source review; grep/data-flow tracing; go test/vet/staticcheck/gosec/govulncheck	credentials,redaction,transport,tls,redirects,proxmox-targeting,mutation-safety,tasks,output,filesystem,concurrency	reviewed		Go source reviewed by package/domain with dangerous-primitive search, call-chain tracing, automated checks, and changed-line review where modified.	2026-07-14T22:16:00Z
internal/config/config_fuzz_test.go	7207fd0a2cf79e837e05fcbbb959e184fcf94646d67ad16cff29cb7b04c52a0e	2097	go_source	test-source review; focused and full go test/race/fuzz as applicable; scanner correlation	regression-tests,adversarial-inputs,no-live-proxmox,secret-free-fixtures	reviewed		Test code reviewed for assertions, fake endpoints, no live Proxmox dependency, and no real credentials.	2026-07-14T22:16:00Z
internal/config/config_test.go	0fbcfc2b84882a07889e94e09944d4805fb4c39ca30359b34902924556ca1483	5723	go_source	test-source review; focused and full go test/race/fuzz as applicable; scanner correlation	regression-tests,adversarial-inputs,no-live-proxmox,secret-free-fixtures	reviewed		Test code reviewed for assertions, fake endpoints, no live Proxmox dependency, and no real credentials.	2026-07-14T22:16:00Z
internal/config/lock_unix.go	e4a22e5168ea449eb2c10a22a7d073ffbc9a78c9910fac9330c1ee54b1abcb77	810	go_source	manual source review; grep/data-flow tracing; go test/vet/staticcheck/gosec/govulncheck	credentials,redaction,transport,tls,redirects,proxmox-targeting,mutation-safety,tasks,output,filesystem,concurrency	reviewed		Go source reviewed by package/domain with dangerous-primitive search, call-chain tracing, automated checks, and changed-line review where modified.	2026-07-14T22:16:00Z
internal/config/lock_windows.go	f68e4566dd347acc7fa356ff0f4c1ec5cc6121ab3374a03ff80463a4507a4670	1392	go_source	manual source review; grep/data-flow tracing; go test/vet/staticcheck/gosec/govulncheck	credentials,redaction,transport,tls,redirects,proxmox-targeting,mutation-safety,tasks,output,filesystem,concurrency	reviewed		Go source reviewed by package/domain with dangerous-primitive search, call-chain tracing, automated checks, and changed-line review where modified.	2026-07-14T22:16:00Z
internal/config/paths.go	e19d479d9b8910d6d2a6417388fef10586dbe873cebbd49fae4f25fbd376d85d	1516	go_source	manual source review; grep/data-flow tracing; go test/vet/staticcheck/gosec/govulncheck	credentials,redaction,transport,tls,redirects,proxmox-targeting,mutation-safety,tasks,output,filesystem,concurrency	reviewed		Go source reviewed by package/domain with dangerous-primitive search, call-chain tracing, automated checks, and changed-line review where modified.	2026-07-14T22:16:00Z
internal/config/schema.go	e4d86462aa0ea5b2629003cb302d5301360d7d78747f048f520b5ca68cad2032	975	go_source	manual source review; grep/data-flow tracing; go test/vet/staticcheck/gosec/govulncheck	credentials,redaction,transport,tls,redirects,proxmox-targeting,mutation-safety,tasks,output,filesystem,concurrency	reviewed		Go source reviewed by package/domain with dangerous-primitive search, call-chain tracing, automated checks, and changed-line review where modified.	2026-07-14T22:16:00Z
internal/credentials/backend.go	ceb66f24feb27d2e70f91b6128d0862f6a330c34ea2c8d06129a318b315746bd	722	go_source	manual source review; grep/data-flow tracing; go test/vet/staticcheck/gosec/govulncheck	credentials,redaction,transport,tls,redirects,proxmox-targeting,mutation-safety,tasks,output,filesystem,concurrency	reviewed		Go source reviewed by package/domain with dangerous-primitive search, call-chain tracing, automated checks, and changed-line review where modified.	2026-07-14T22:16:00Z
internal/credentials/credentials_fuzz_test.go	31a6da8b8455db664821e424786b0ce356b5573af942cda71d4f69e51f68487c	1802	go_source	test-source review; focused and full go test/race/fuzz as applicable; scanner correlation	regression-tests,adversarial-inputs,no-live-proxmox,secret-free-fixtures	reviewed		Test code reviewed for assertions, fake endpoints, no live Proxmox dependency, and no real credentials.	2026-07-14T22:16:00Z
internal/credentials/credentials_test.go	2bbfcc988730badc65e0b96b30ca086f6844242438f6c559efc8fa729be8e904	9734	go_source	test-source review; focused and full go test/race/fuzz as applicable; scanner correlation	regression-tests,adversarial-inputs,no-live-proxmox,secret-free-fixtures	reviewed		Test code reviewed for assertions, fake endpoints, no live Proxmox dependency, and no real credentials.	2026-07-14T22:16:00Z
internal/credentials/env.go	0e72da73a1e7843151d10294c5eb98393ea538896ee0e902bfd4957535301520	3012	go_source	manual source review; grep/data-flow tracing; go test/vet/staticcheck/gosec/govulncheck	credentials,redaction,transport,tls,redirects,proxmox-targeting,mutation-safety,tasks,output,filesystem,concurrency	reviewed		Go source reviewed by package/domain with dangerous-primitive search, call-chain tracing, automated checks, and changed-line review where modified.	2026-07-14T22:16:00Z
internal/credentials/file.go	b01f1ec3c9b3c207542a68ee016a8d8e4020ff4857c868581bb7eb1339952b1b	4057	go_source	manual source review; grep/data-flow tracing; go test/vet/staticcheck/gosec/govulncheck	credentials,redaction,transport,tls,redirects,proxmox-targeting,mutation-safety,tasks,output,filesystem,concurrency	reviewed		Go source reviewed by package/domain with dangerous-primitive search, call-chain tracing, automated checks, and changed-line review where modified.	2026-07-14T22:16:00Z
internal/credentials/keyring.go	b9d283117b6d9c7bb67f8358f18ee471452785aad5716c49b6d92292f24f4125	3343	go_source	manual source review; grep/data-flow tracing; go test/vet/staticcheck/gosec/govulncheck	credentials,redaction,transport,tls,redirects,proxmox-targeting,mutation-safety,tasks,output,filesystem,concurrency	reviewed		Go source reviewed by package/domain with dangerous-primitive search, call-chain tracing, automated checks, and changed-line review where modified.	2026-07-14T22:16:00Z
internal/credentials/resolve.go	67d78a9cde4d57b8664bb5448d9dba9e3d201563d7b0b94aa641a0f546a18946	3429	go_source	manual source review; grep/data-flow tracing; go test/vet/staticcheck/gosec/govulncheck	credentials,redaction,transport,tls,redirects,proxmox-targeting,mutation-safety,tasks,output,filesystem,concurrency	reviewed		Go source reviewed by package/domain with dangerous-primitive search, call-chain tracing, automated checks, and changed-line review where modified.	2026-07-14T22:16:00Z
internal/credentials/resolve_test.go	d3040379d321c3d17be391c819c2c8ec6399326d4b643a5a9960da69e0afaf3c	2923	go_source	test-source review; focused and full go test/race/fuzz as applicable; scanner correlation	regression-tests,adversarial-inputs,no-live-proxmox,secret-free-fixtures	reviewed		Test code reviewed for assertions, fake endpoints, no live Proxmox dependency, and no real credentials.	2026-07-14T22:16:00Z
internal/credentials/stdin.go	364ed5979e3e433b91544621166a594886d8bcf5a4b3e56138ee0c707eb6adec	1802	go_source	manual source review; grep/data-flow tracing; go test/vet/staticcheck/gosec/govulncheck	credentials,redaction,transport,tls,redirects,proxmox-targeting,mutation-safety,tasks,output,filesystem,concurrency	reviewed		Go source reviewed by package/domain with dangerous-primitive search, call-chain tracing, automated checks, and changed-line review where modified.	2026-07-14T22:16:00Z
internal/credentials/validate.go	ac83e2780a0d1efcf1d2ce22d19800edf186abeecadf8d60a2844a10b424912f	2971	go_source	manual source review; grep/data-flow tracing; go test/vet/staticcheck/gosec/govulncheck	credentials,redaction,transport,tls,redirects,proxmox-targeting,mutation-safety,tasks,output,filesystem,concurrency	reviewed		Go source reviewed by package/domain with dangerous-primitive search, call-chain tracing, automated checks, and changed-line review where modified.	2026-07-14T22:16:00Z
internal/domain/capabilities.go	352ca86f1d633e175fc540dc40488ea26aba419800859e654a03edda8e671a4b	35050	go_source	manual source review; grep/data-flow tracing; go test/vet/staticcheck/gosec/govulncheck	credentials,redaction,transport,tls,redirects,proxmox-targeting,mutation-safety,tasks,output,filesystem,concurrency	reviewed		Go source reviewed by package/domain with dangerous-primitive search, call-chain tracing, automated checks, and changed-line review where modified.	2026-07-14T22:16:00Z
internal/domain/provider.go	0d801cd0f18540bb7ce330e79e0b904e5edc73c16d01c87bbd3f96012cf34131	2852	go_source	manual source review; grep/data-flow tracing; go test/vet/staticcheck/gosec/govulncheck	credentials,redaction,transport,tls,redirects,proxmox-targeting,mutation-safety,tasks,output,filesystem,concurrency	reviewed		Go source reviewed by package/domain with dangerous-primitive search, call-chain tracing, automated checks, and changed-line review where modified.	2026-07-14T22:16:00Z
internal/domain/types.go	08264eb5e36604008ebf53be023c7afd54577de9c8db5d8eee708f904b5ab4b5	10133	go_source	manual source review; grep/data-flow tracing; go test/vet/staticcheck/gosec/govulncheck	credentials,redaction,transport,tls,redirects,proxmox-targeting,mutation-safety,tasks,output,filesystem,concurrency	reviewed		Go source reviewed by package/domain with dangerous-primitive search, call-chain tracing, automated checks, and changed-line review where modified.	2026-07-14T22:16:00Z
internal/logging/logger.go	dc20869ae532f7be57f8d26d2f20b65ee0385eff3a735e0b87c26ba62c84740e	2135	go_source	manual source review; grep/data-flow tracing; go test/vet/staticcheck/gosec/govulncheck	credentials,redaction,transport,tls,redirects,proxmox-targeting,mutation-safety,tasks,output,filesystem,concurrency	reviewed		Go source reviewed by package/domain with dangerous-primitive search, call-chain tracing, automated checks, and changed-line review where modified.	2026-07-14T22:16:00Z
internal/output/error.go	99b49d0181b3960a9cffded561721c14f505403e94d7226d93cc7d963997996c	768	go_source	manual source review; grep/data-flow tracing; go test/vet/staticcheck/gosec/govulncheck	credentials,redaction,transport,tls,redirects,proxmox-targeting,mutation-safety,tasks,output,filesystem,concurrency	reviewed		Go source reviewed by package/domain with dangerous-primitive search, call-chain tracing, automated checks, and changed-line review where modified.	2026-07-14T22:16:00Z
internal/output/formatter.go	249fbe035bc7ee1e59697604061e15421c893f605e7fe8aa531e9efdaccb1354	1216	go_source	manual source review; grep/data-flow tracing; go test/vet/staticcheck/gosec/govulncheck	credentials,redaction,transport,tls,redirects,proxmox-targeting,mutation-safety,tasks,output,filesystem,concurrency	reviewed		Go source reviewed by package/domain with dangerous-primitive search, call-chain tracing, automated checks, and changed-line review where modified.	2026-07-14T22:16:00Z
internal/output/json.go	f6d6f8cdce25fd187cfa6d8e1a71090ab7f29c4d896b27529bacf7282da86ead	708	go_source	manual source review; grep/data-flow tracing; go test/vet/staticcheck/gosec/govulncheck	credentials,redaction,transport,tls,redirects,proxmox-targeting,mutation-safety,tasks,output,filesystem,concurrency	reviewed	SEC-001	Go source reviewed by package/domain with dangerous-primitive search, call-chain tracing, automated checks, and changed-line review where modified. Covered by SEC-001/SEC-003 remediation and regression tests.	2026-07-14T22:16:00Z
internal/output/multiprofile.go	b61bcf4bdd37879825db5f0ce3d2cd2080a8644dc554d70e926cc0ac16b0692b	4509	go_source	manual source review; grep/data-flow tracing; go test/vet/staticcheck/gosec/govulncheck	credentials,redaction,transport,tls,redirects,proxmox-targeting,mutation-safety,tasks,output,filesystem,concurrency	reviewed		Go source reviewed by package/domain with dangerous-primitive search, call-chain tracing, automated checks, and changed-line review where modified.	2026-07-14T22:16:00Z
internal/output/multiprofile_test.go	18b4b9093051713af4735f5f57d7b5cb1ae13955098fe2a28581c4a91389b786	6625	go_source	test-source review; focused and full go test/race/fuzz as applicable; scanner correlation	regression-tests,adversarial-inputs,no-live-proxmox,secret-free-fixtures	reviewed		Test code reviewed for assertions, fake endpoints, no live Proxmox dependency, and no real credentials.	2026-07-14T22:16:00Z
internal/output/output_test.go	d0d12acbfaa1ac1dad33e375b0ad32f34004da732da1b8519ee93959628bbc01	8872	go_source	test-source review; focused and full go test/race/fuzz as applicable; scanner correlation	regression-tests,adversarial-inputs,no-live-proxmox,secret-free-fixtures	reviewed	SEC-001	Test code reviewed for assertions, fake endpoints, no live Proxmox dependency, and no real credentials.	2026-07-14T22:16:00Z
internal/output/result.go	55f6629ca450e2469851a383672155759d4c63de04f28be36545ed76ff942ef3	4450	go_source	manual source review; grep/data-flow tracing; go test/vet/staticcheck/gosec/govulncheck	credentials,redaction,transport,tls,redirects,proxmox-targeting,mutation-safety,tasks,output,filesystem,concurrency	reviewed		Go source reviewed by package/domain with dangerous-primitive search, call-chain tracing, automated checks, and changed-line review where modified.	2026-07-14T22:16:00Z
internal/output/result_test.go	c24184d7540f1b0f244031d384ed4bd13bce32d89df1ca25ac21770d4b039f5e	6394	go_source	test-source review; focused and full go test/race/fuzz as applicable; scanner correlation	regression-tests,adversarial-inputs,no-live-proxmox,secret-free-fixtures	reviewed		Test code reviewed for assertions, fake endpoints, no live Proxmox dependency, and no real credentials.	2026-07-14T22:16:00Z
internal/output/sanitize.go	a262b3b11f36b2360734d070ec749031ee94a31828412cb5b793bfa814b36b98	2091	go_source	manual source review; grep/data-flow tracing; go test/vet/staticcheck/gosec/govulncheck	credentials,redaction,transport,tls,redirects,proxmox-targeting,mutation-safety,tasks,output,filesystem,concurrency	reviewed		Go source reviewed by package/domain with dangerous-primitive search, call-chain tracing, automated checks, and changed-line review where modified.	2026-07-14T22:16:00Z
internal/output/sanitizing_writer.go	41d72c138ce8590ee68582935d3a41258218b24eb71a3d0e88d484e6f46087c9	813	go_source	manual source review; grep/data-flow tracing; go test/vet/staticcheck/gosec/govulncheck	credentials,redaction,transport,tls,redirects,proxmox-targeting,mutation-safety,tasks,output,filesystem,concurrency	reviewed	SEC-003	Go source reviewed by package/domain with dangerous-primitive search, call-chain tracing, automated checks, and changed-line review where modified. Covered by SEC-001/SEC-003 remediation and regression tests.	2026-07-14T22:16:00Z
internal/output/table.go	9036d8c5933b133dbd400193094fbdbdf9c24cdd972e3dfb13c900e0470f7f52	1426	go_source	manual source review; grep/data-flow tracing; go test/vet/staticcheck/gosec/govulncheck	credentials,redaction,transport,tls,redirects,proxmox-targeting,mutation-safety,tasks,output,filesystem,concurrency	reviewed		Go source reviewed by package/domain with dangerous-primitive search, call-chain tracing, automated checks, and changed-line review where modified.	2026-07-14T22:16:00Z
internal/output/terminal_data.go	12b30c0f66e638fd26f864b0a11c0658fb33b6c7f14e9b8293022dbd46bbc9e4	2779	go_source	manual source review; grep/data-flow tracing; go test/vet/staticcheck/gosec/govulncheck	credentials,redaction,transport,tls,redirects,proxmox-targeting,mutation-safety,tasks,output,filesystem,concurrency	reviewed	SEC-001	Go source reviewed by package/domain with dangerous-primitive search, call-chain tracing, automated checks, and changed-line review where modified. Covered by SEC-001/SEC-003 remediation and regression tests.	2026-07-14T22:16:00Z
internal/output/writer.go	b9d58e1419aed2e094dda9fbc68e11c3ae3e1dc19545b844990941fbb402a392	1648	go_source	manual source review; grep/data-flow tracing; go test/vet/staticcheck/gosec/govulncheck	credentials,redaction,transport,tls,redirects,proxmox-targeting,mutation-safety,tasks,output,filesystem,concurrency	reviewed		Go source reviewed by package/domain with dangerous-primitive search, call-chain tracing, automated checks, and changed-line review where modified.	2026-07-14T22:16:00Z
internal/output/writer_test.go	6887a4190acac3a1e48163cfb33bd5a94efe5ec3b41cd6e0a5ce25de9f6c64f6	4837	go_source	test-source review; focused and full go test/race/fuzz as applicable; scanner correlation	regression-tests,adversarial-inputs,no-live-proxmox,secret-free-fixtures	reviewed		Test code reviewed for assertions, fake endpoints, no live Proxmox dependency, and no real credentials.	2026-07-14T22:16:00Z
internal/output/yaml.go	e2f2eac6dc95ab777fb42ad622a6c2d6e439d110bc525f6d00f747083ba60a18	595	go_source	manual source review; grep/data-flow tracing; go test/vet/staticcheck/gosec/govulncheck	credentials,redaction,transport,tls,redirects,proxmox-targeting,mutation-safety,tasks,output,filesystem,concurrency	reviewed	SEC-001	Go source reviewed by package/domain with dangerous-primitive search, call-chain tracing, automated checks, and changed-line review where modified. Covered by SEC-001/SEC-003 remediation and regression tests.	2026-07-14T22:16:00Z
internal/pathvalidate/pathvalidate.go	d6aa1f71dcfa9cdb2564920aeaff02732e7df606f726f188103a858a5dd47876	5584	go_source	manual source review; grep/data-flow tracing; go test/vet/staticcheck/gosec/govulncheck	credentials,redaction,transport,tls,redirects,proxmox-targeting,mutation-safety,tasks,output,filesystem,concurrency	reviewed		Go source reviewed by package/domain with dangerous-primitive search, call-chain tracing, automated checks, and changed-line review where modified.	2026-07-14T22:16:00Z
internal/pathvalidate/pathvalidate_test.go	5cfc0f31693a782e75d387c447516d232f71b559d43d92d7cda4ab8658bc8a34	6249	go_source	test-source review; focused and full go test/race/fuzz as applicable; scanner correlation	regression-tests,adversarial-inputs,no-live-proxmox,secret-free-fixtures	reviewed		Test code reviewed for assertions, fake endpoints, no live Proxmox dependency, and no real credentials.	2026-07-14T22:16:00Z
internal/provider/capabilities.go	a62f723b216c7c85b119947eb4385480c3851b40e9b487bf94da2a48b3e2b861	947	go_source	manual source review; grep/data-flow tracing; go test/vet/staticcheck/gosec/govulncheck	credentials,redaction,transport,tls,redirects,proxmox-targeting,mutation-safety,tasks,output,filesystem,concurrency	reviewed		Go source reviewed by package/domain with dangerous-primitive search, call-chain tracing, automated checks, and changed-line review where modified.	2026-07-14T22:16:00Z
internal/provider/capabilities_test.go	4c62b3c96769b194af9c768531f88231ea506d2730c210313fd8a261bdcd516e	1473	go_source	test-source review; focused and full go test/race/fuzz as applicable; scanner correlation	regression-tests,adversarial-inputs,no-live-proxmox,secret-free-fixtures	reviewed		Test code reviewed for assertions, fake endpoints, no live Proxmox dependency, and no real credentials.	2026-07-14T22:16:00Z
internal/provider/proxmox/client/client.go	920ba0772a06673267db9a589accdd3147175c147eb549d9114c335a16ad4184	79057	go_source	manual source review; grep/data-flow tracing; go test/vet/staticcheck/gosec/govulncheck	credentials,redaction,transport,tls,redirects,proxmox-targeting,mutation-safety,tasks,output,filesystem,concurrency	reviewed		Go source reviewed by package/domain with dangerous-primitive search, call-chain tracing, automated checks, and changed-line review where modified.	2026-07-14T22:16:00Z
internal/provider/proxmox/client/client_auth_test.go	d80c652427e1f9e81372895a618d23d26147330574c50f6bc0b29539cc7bb6a7	10962	go_source	test-source review; focused and full go test/race/fuzz as applicable; scanner correlation	regression-tests,adversarial-inputs,no-live-proxmox,secret-free-fixtures	reviewed		Test code reviewed for assertions, fake endpoints, no live Proxmox dependency, and no real credentials.	2026-07-14T22:16:00Z
internal/provider/proxmox/client/client_mutation_test.go	c078f933516d8c41160f878d648eddbd0a9fd186f3c26ee39b684bbe7b7ad50a	34187	go_source	test-source review; focused and full go test/race/fuzz as applicable; scanner correlation	regression-tests,adversarial-inputs,no-live-proxmox,secret-free-fixtures	reviewed		Test code reviewed for assertions, fake endpoints, no live Proxmox dependency, and no real credentials.	2026-07-14T22:16:00Z
internal/provider/proxmox/client/client_test.go	e810617983ddf8162cf8169ad78835a137539f00eb117b19bb9ea5ae4b876a29	40380	go_source	test-source review; focused and full go test/race/fuzz as applicable; scanner correlation	regression-tests,adversarial-inputs,no-live-proxmox,secret-free-fixtures	reviewed		Test code reviewed for assertions, fake endpoints, no live Proxmox dependency, and no real credentials.	2026-07-14T22:16:00Z
internal/provider/proxmox/client/client_transfer_test.go	44c4903a5234c4427faffdc4df2798e5e24973b28aa65e8e2a85634fe3db769b	10588	go_source	test-source review; focused and full go test/race/fuzz as applicable; scanner correlation	regression-tests,adversarial-inputs,no-live-proxmox,secret-free-fixtures	reviewed		Test code reviewed for assertions, fake endpoints, no live Proxmox dependency, and no real credentials.	2026-07-14T22:16:00Z
internal/provider/proxmox/client/contract_test.go	46c16c6d9c9b1bbee966ba2677be6aa29ebdeb58693a6775364db2b0243f7053	16939	go_source	test-source review; focused and full go test/race/fuzz as applicable; scanner correlation	regression-tests,adversarial-inputs,no-live-proxmox,secret-free-fixtures	reviewed		Test code reviewed for assertions, fake endpoints, no live Proxmox dependency, and no real credentials.	2026-07-14T22:16:00Z
internal/provider/proxmox/client/types.go	ca341fd71f49ac344c4afdbfa0398cea935044a00c1d449349c11ef5075d6f84	35455	go_source	manual source review; grep/data-flow tracing; go test/vet/staticcheck/gosec/govulncheck	credentials,redaction,transport,tls,redirects,proxmox-targeting,mutation-safety,tasks,output,filesystem,concurrency	reviewed		Go source reviewed by package/domain with dangerous-primitive search, call-chain tracing, automated checks, and changed-line review where modified.	2026-07-14T22:16:00Z
internal/provider/proxmox/mapper.go	f60ae0075812ccb588f4de8563a44975aa4f23ee17414c95c3148bbd3195c3a6	3486	go_source	manual source review; grep/data-flow tracing; go test/vet/staticcheck/gosec/govulncheck	credentials,redaction,transport,tls,redirects,proxmox-targeting,mutation-safety,tasks,output,filesystem,concurrency	reviewed		Go source reviewed by package/domain with dangerous-primitive search, call-chain tracing, automated checks, and changed-line review where modified.	2026-07-14T22:16:00Z
internal/provider/proxmox/mapper_test.go	49288a4de10031951eb0848592c46da9094502e864a5ec0545bddc51c84c8d87	6004	go_source	test-source review; focused and full go test/race/fuzz as applicable; scanner correlation	regression-tests,adversarial-inputs,no-live-proxmox,secret-free-fixtures	reviewed		Test code reviewed for assertions, fake endpoints, no live Proxmox dependency, and no real credentials.	2026-07-14T22:16:00Z
internal/provider/proxmox/provider.go	4899838f70e820e0af167cd04252bf3f076e51eae5d8c27e521d6865a635b647	66137	go_source	manual source review; grep/data-flow tracing; go test/vet/staticcheck/gosec/govulncheck	credentials,redaction,transport,tls,redirects,proxmox-targeting,mutation-safety,tasks,output,filesystem,concurrency	reviewed		Go source reviewed by package/domain with dangerous-primitive search, call-chain tracing, automated checks, and changed-line review where modified.	2026-07-14T22:16:00Z
internal/provider/registry.go	18fa6bbf26a53d45f1274495e40ce685fee5316eab58ce6c5b1e4c9637b135fb	1181	go_source	manual source review; grep/data-flow tracing; go test/vet/staticcheck/gosec/govulncheck	credentials,redaction,transport,tls,redirects,proxmox-targeting,mutation-safety,tasks,output,filesystem,concurrency	reviewed		Go source reviewed by package/domain with dangerous-primitive search, call-chain tracing, automated checks, and changed-line review where modified.	2026-07-14T22:16:00Z
internal/provider/registry_test.go	a3497fa4b2c57228c56a4058d91487eda4e6d0045abee2fbcc429b5b0346e224	1643	go_source	test-source review; focused and full go test/race/fuzz as applicable; scanner correlation	regression-tests,adversarial-inputs,no-live-proxmox,secret-free-fixtures	reviewed		Test code reviewed for assertions, fake endpoints, no live Proxmox dependency, and no real credentials.	2026-07-14T22:16:00Z
internal/redact/redact.go	15f620399480891a5b2a5fa8083ca3e51dd79891b6a19a5633b673b553c1efec	8265	go_source	manual source review; grep/data-flow tracing; go test/vet/staticcheck/gosec/govulncheck	credentials,redaction,transport,tls,redirects,proxmox-targeting,mutation-safety,tasks,output,filesystem,concurrency	reviewed		Go source reviewed by package/domain with dangerous-primitive search, call-chain tracing, automated checks, and changed-line review where modified.	2026-07-14T22:16:00Z
internal/redact/redact_test.go	b7506e705c30cc3ee168443ad953a77f9ef804be91d9931acfaf65ffa92cc851	19264	go_source	test-source review; focused and full go test/race/fuzz as applicable; scanner correlation	regression-tests,adversarial-inputs,no-live-proxmox,secret-free-fixtures	reviewed		Test code reviewed for assertions, fake endpoints, no live Proxmox dependency, and no real credentials. Test fixture split to avoid secret-scanner false positive while preserving redaction assertion.	2026-07-14T22:16:00Z
internal/safety/safety.go	04929f4d45e976fd916bf293f01ebb562fb83fc84483bc0c302647c7769284d3	7015	go_source	manual source review; grep/data-flow tracing; go test/vet/staticcheck/gosec/govulncheck	credentials,redaction,transport,tls,redirects,proxmox-targeting,mutation-safety,tasks,output,filesystem,concurrency	reviewed		Go source reviewed by package/domain with dangerous-primitive search, call-chain tracing, automated checks, and changed-line review where modified.	2026-07-14T22:16:00Z
internal/safety/safety_test.go	3af9e269b9524397c38fc33500bf1ae8e81263987a61b73fd675c5af46f0c9ce	9663	go_source	test-source review; focused and full go test/race/fuzz as applicable; scanner correlation	regression-tests,adversarial-inputs,no-live-proxmox,secret-free-fixtures	reviewed		Test code reviewed for assertions, fake endpoints, no live Proxmox dependency, and no real credentials.	2026-07-14T22:16:00Z
internal/task/task.go	5ef363211e67c9383ac0316961e46a0fdfd7d4407a8eabb3a1fff122ed3e3a93	8031	go_source	manual source review; grep/data-flow tracing; go test/vet/staticcheck/gosec/govulncheck	credentials,redaction,transport,tls,redirects,proxmox-targeting,mutation-safety,tasks,output,filesystem,concurrency	reviewed		Go source reviewed by package/domain with dangerous-primitive search, call-chain tracing, automated checks, and changed-line review where modified.	2026-07-14T22:16:00Z
internal/task/task_fuzz_test.go	5adba69410672cbe55b406b2f1c6d4c35cec3acea4156f17201a61c16e1bd1be	1528	go_source	test-source review; focused and full go test/race/fuzz as applicable; scanner correlation	regression-tests,adversarial-inputs,no-live-proxmox,secret-free-fixtures	reviewed		Test code reviewed for assertions, fake endpoints, no live Proxmox dependency, and no real credentials.	2026-07-14T22:16:00Z
internal/task/task_test.go	7d8fbd9973d54991fdc5b79a68b3d29cd6650b995b42d203bb5665b4e13d48e2	6796	go_source	test-source review; focused and full go test/race/fuzz as applicable; scanner correlation	regression-tests,adversarial-inputs,no-live-proxmox,secret-free-fixtures	reviewed		Test code reviewed for assertions, fake endpoints, no live Proxmox dependency, and no real credentials.	2026-07-14T22:16:00Z
internal/task/unknown_outcome.go	0ee7427832424ad867aa27123e6f200fd390b34cbb279d62733ce10788160fec	2852	go_source	manual source review; grep/data-flow tracing; go test/vet/staticcheck/gosec/govulncheck	credentials,redaction,transport,tls,redirects,proxmox-targeting,mutation-safety,tasks,output,filesystem,concurrency	reviewed		Go source reviewed by package/domain with dangerous-primitive search, call-chain tracing, automated checks, and changed-line review where modified.	2026-07-14T22:16:00Z
internal/task/unknown_outcome_test.go	0bee1ac863ae45c5a42bfb48bdd0491dc631633793e49be506e14faf0b151e44	10203	go_source	test-source review; focused and full go test/race/fuzz as applicable; scanner correlation	regression-tests,adversarial-inputs,no-live-proxmox,secret-free-fixtures	reviewed		Test code reviewed for assertions, fake endpoints, no live Proxmox dependency, and no real credentials.	2026-07-14T22:16:00Z
internal/transport/httpclient/client.go	0fc4552dd197bd74346fbe3aacb55c92baa75fc50d36f25efafa7c51edb1c929	8604	go_source	manual source review; grep/data-flow tracing; go test/vet/staticcheck/gosec/govulncheck	credentials,redaction,transport,tls,redirects,proxmox-targeting,mutation-safety,tasks,output,filesystem,concurrency	reviewed	SEC-002	Go source reviewed by package/domain with dangerous-primitive search, call-chain tracing, automated checks, and changed-line review where modified. Covered by SEC-002 redirect-cap remediation and regression test.	2026-07-14T22:16:00Z
internal/transport/httpclient/client_test.go	8ac1c4b8bc22e58a54242efb0acc04ea71cb8839f8680e642efb9fe4286fd96d	25006	go_source	test-source review; focused and full go test/race/fuzz as applicable; scanner correlation	regression-tests,adversarial-inputs,no-live-proxmox,secret-free-fixtures	reviewed	SEC-002	Test code reviewed for assertions, fake endpoints, no live Proxmox dependency, and no real credentials.	2026-07-14T22:16:00Z
internal/version/compare.go	0681878d39168e9061141a56533732551509248df5098485aff274fcdf08bc4e	3057	go_source	manual source review; grep/data-flow tracing; go test/vet/staticcheck/gosec/govulncheck	credentials,redaction,transport,tls,redirects,proxmox-targeting,mutation-safety,tasks,output,filesystem,concurrency	reviewed		Go source reviewed by package/domain with dangerous-primitive search, call-chain tracing, automated checks, and changed-line review where modified.	2026-07-14T22:16:00Z
internal/version/compare_test.go	ca2dfb112be87bc8cd17a1def374b57f2cf4e62810272b083d1f4dbf50470347	3668	go_source	test-source review; focused and full go test/race/fuzz as applicable; scanner correlation	regression-tests,adversarial-inputs,no-live-proxmox,secret-free-fixtures	reviewed		Test code reviewed for assertions, fake endpoints, no live Proxmox dependency, and no real credentials.	2026-07-14T22:16:00Z
internal/version/version.go	3e65fbc6f0653c7ec9240906d5dd3b9007f8daceb56e7f2bdf1fba219c1558a6	3608	go_source	manual source review; grep/data-flow tracing; go test/vet/staticcheck/gosec/govulncheck	credentials,redaction,transport,tls,redirects,proxmox-targeting,mutation-safety,tasks,output,filesystem,concurrency	reviewed		Go source reviewed by package/domain with dangerous-primitive search, call-chain tracing, automated checks, and changed-line review where modified.	2026-07-14T22:16:00Z
internal/version/version_test.go	723980a2d028a001b7c9425164fb2d5a4b061e5130dd04a45f5618cb1e8c5c2d	5490	go_source	test-source review; focused and full go test/race/fuzz as applicable; scanner correlation	regression-tests,adversarial-inputs,no-live-proxmox,secret-free-fixtures	reviewed		Test code reviewed for assertions, fake endpoints, no live Proxmox dependency, and no real credentials.	2026-07-14T22:16:00Z
LICENSE	9c14f7ca5506ef8e7424854d43a4c8e2b4851018d129540275c4f4af497f3acb	33080	text	documentation security-contract review; command/reference consistency check; secret-pattern scan	security-documentation,proxmox-safety,configuration,operator-guidance,live-validation-boundaries	reviewed		Reviewed for current behavior, unsafe examples, live-target warnings, and credential disclosure guidance.	2026-07-14T22:16:00Z
Makefile	63b34802a66f60fab4ce758d3e9991052f0d38f2f01326a6e0961cbbe2313386	1198	build_script	repository/build/config metadata review; secret-pattern scan; role/provenance review	repository-metadata,build-contracts,supply-chain	reviewed		Reviewed for repository behavior, generated/binary absence, and security-sensitive configuration.	2026-07-14T22:16:00Z
README.md	c53f945d72156ed6806f4252b43cc47c8272fefe0ab711dd962630c8f7aee525	5945	documentation	documentation security-contract review; command/reference consistency check; secret-pattern scan	security-documentation,proxmox-safety,configuration,operator-guidance,live-validation-boundaries	reviewed		Reviewed for current behavior, unsafe examples, live-target warnings, and credential disclosure guidance.	2026-07-14T22:16:00Z
SECURITY.md	8b2cc65ba4a1ea392c9e144c181afe3523656e905577bac10b2b4c76ab0222ca	7999	documentation	documentation security-contract review; command/reference consistency check; secret-pattern scan	security-documentation,proxmox-safety,configuration,operator-guidance,live-validation-boundaries	reviewed		Reviewed for current behavior, unsafe examples, live-target warnings, and credential disclosure guidance.	2026-07-14T22:16:00Z
SUPPORT.md	2a53265b0a3d2c7bef0463e4e3213e89fca452ce75851177cfb4b45bed274ded	3588	documentation	documentation security-contract review; command/reference consistency check; secret-pattern scan	security-documentation,proxmox-safety,configuration,operator-guidance,live-validation-boundaries	reviewed		Reviewed for current behavior, unsafe examples, live-target warnings, and credential disclosure guidance.	2026-07-14T22:16:00Z
